username,first_name,last_name,email,password
hschwartz,Antonio,Carter,zrobinson@example.net,U5KYc2ed#s
meganwalker,William,Klein,rachelfitzpatrick@example.org,@@R(ZSzW6n
miranda27,Amy,Evans,alexis22@example.org,4BB83BUq9(
dylan30,Joseph,Nash,laurafischer@example.com,M1Rl6bDw+9
nguyensamuel,Joseph,Bailey,mcmillanmelvin@example.net,hZn0Weo2)a
frostjustin,Melanie,Barrett,qthomas@example.org,%s4H!xdSr6
zsmith,Ann,Ayers,riveraheidi@example.org,(82JAzuEBc
falvarez,Jason,Williams,wesley66@example.com,($KkC76b#3
carl74,Miranda,Moreno,campbellderek@example.net,H6s4Z0ca*F
clewis,Jessica,Hughes,henrytimothy@example.com,CM7lKMf%B^
